"STATION","NAME","LATITUDE","LONGITUDE","ELEVATION","DATE","CDSD","CLDD","DP01","DP10","DSND","DSNW","DT00","DT32","DX32","DX70","DX90","EMNT","EMSD","EMSN","EMXP","EMXT","HDSD","HTDD","PRCP","SNOW","TAVG","TMAX","TMIN"
"USC00048273","SKYLINE RIDGE PRESERVE, CA US","37.3133","-122.185","691.9","2020-03","0","0","18","8","0",,"0","3","0","2","0","31","0",,"0.94","74",,"558","3.36",,"47.0","54.1","39.9"
"USC00048273","SKYLINE RIDGE PRESERVE, CA US","37.3133","-122.185","691.9","2020-04","4","4","6","4",,,"0","0","0","11","0","33",,,"1.23","80",,"349","2.79",,"53.5","62.7","44.3"
"USC00048273","SKYLINE RIDGE PRESERVE, CA US","37.3133","-122.185","691.9","2020-05","81","77","7","4",,,"0","0","0","14","3","41",,,"0.47","93",,"203","1.20",,"61.0","71.1","50.8"
"USC00048273","SKYLINE RIDGE PRESERVE, CA US","37.3133","-122.185","691.9","2020-06","194","113","1","0",,,"0","0","0","21","2","43",,,"0.01","92",,"90","0.01",,"65.8","77.0","54.6"
"USC00048273","SKYLINE RIDGE PRESERVE, CA US","37.3133","-122.185","691.9","2020-07","350","155","1","0",,,"0","0","0","30","2","45",,,"0.01","94","33","33","0.01",,"68.9","80.2","57.6"
"USC00048273","SKYLINE RIDGE PRESERVE, CA US","37.3133","-122.185","691.9","2020-08","625","275","3","1",,,"0","0","0","29","6","51",,,"0.14","98","38","4","0.20",,"74.1","84.5","63.8"
"USC00048273","SKYLINE RIDGE PRESERVE, CA US","37.3133","-122.185","691.9","2020-09","857","232","0","0",,,"0","0","0","29","5","50",,,"0.00","103","44","6","0.00",,"72.5","82.8","62.2"
"USC00048273","SKYLINE RIDGE PRESERVE, CA US","37.3133","-122.185","691.9","2020-10","1043","186","1","0",,,"0","0","0","25","4","43",,,"0.01","92","102","58","0.01",,"69.3","78.5","60.0"
"USC00048273","SKYLINE RIDGE PRESERVE, CA US","37.3133","-122.185","691.9","2020-11","1062","19","9","3",,,"0","0","0","6","0","34",,,"0.79","85","479","377","2.02",,"53.0","61.6","44.5"
"USC00048273","SKYLINE RIDGE PRESERVE, CA US","37.3133","-122.185","691.9","2020-12","1062","0","12","7",,,"0","0","0","1","0","37",,,"0.85","70","954","475","3.57",,"49.7","56.6","42.7"
"USC00048273","SKYLINE RIDGE PRESERVE, CA US","37.3133","-122.185","691.9","2021-01","0","0","13","8",,,"0","2","0","0","0","29",,,"1.89","67","1484","529","5.33",,"47.9","54.5","41.3"
"USW00023293","SAN JOSE INTERNATIONAL AIRPORT, CA US","37.3591","-121.924","15.5","2020-03","0","0","11","5",,,"0","0","0","5","0","37",,,"0.58","78","1744","316","2.06",,"54.8","63.6","46.0"
"USW00023293","SAN JOSE INTERNATIONAL AIRPORT, CA US","37.3591","-121.924","15.5","2020-04","15","15","3","3",,,"0","0","0","13","0","38",,,"0.77","85","1911","167","1.20",,"59.9","70.1","49.8"
"USW00023293","SAN JOSE INTERNATIONAL AIRPORT, CA US","37.3591","-121.924","15.5","2020-05","94","79","3","0",,,"0","0","0","30","4","45",,,"0.06","97","1948","36","0.13",,"66.4","78.5","54.2"
"USW00023293","SAN JOSE INTERNATIONAL AIRPORT, CA US","37.3591","-121.924","15.5","2020-06","256","161","0","0",,,"0","0","0","30","5","52",,,"0.00","97","1952","4","0.00",,"70.2","82.8","57.6"
"USW00023293","SAN JOSE INTERNATIONAL AIRPORT, CA US","37.3591","-121.924","15.5","2020-07","400","145","0","0",,,"0","0","0","31","2","54",,,"0.00","91","0","0","0.00",,"69.7","81.5","57.9"
"USW00023293","SAN JOSE INTERNATIONAL AIRPORT, CA US","37.3591","-121.924","15.5","2020-08","672","271","1","0",,,"0","0","0","31","8","55",,,"0.01","103","0","0","0.01",,"73.7","85.4","62.1"
"USW00023293","SAN JOSE INTERNATIONAL AIRPORT, CA US","37.3591","-121.924","15.5","2020-09","881","210","0","0",,,"0","0","0","28","6","56",,,"0.00","105","3","3","0.00",,"71.9","83.0","60.8"
"USW00023293","SAN JOSE INTERNATIONAL AIRPORT, CA US","37.3591","-121.924","15.5","2020-10","1031","150","0","0",,,"0","0","0","30","7","47",,,"0.00","95","25","22","0.00",,"69.1","82.4","55.8"
"USW00023293","SAN JOSE INTERNATIONAL AIRPORT, CA US","37.3591","-121.924","15.5","2020-11","1032","1","6","0",,,"0","0","0","6","0","33",,,"0.05","80","342","316","0.13",,"54.5","66.5","42.5"
"USW00023293","SAN JOSE INTERNATIONAL AIRPORT, CA US","37.3591","-121.924","15.5","2020-12","1032","0","7","3",,,"0","0","0","2","0","33",,,"0.33","74","771","429","0.84",,"51.2","62.2","40.1"
"USW00023293","SAN JOSE INTERNATIONAL AIRPORT, CA US","37.3591","-121.924","15.5","2021-01","0","0","7","6",,,"0","1","0","5","0","32",,,"1.31","78","1165","393","2.83",,"52.3","62.0","42.6"
"USW00023293","SAN JOSE INTERNATIONAL AIRPORT, CA US","37.3591","-121.924","15.5","2021-02","0","0","5","1",,,"0","0","0","5","0","37",,,"0.17","79","1477","312","0.32",,"53.8","64.5","43.1"
"USW00023293","SAN JOSE INTERNATIONAL AIRPORT, CA US","37.3591","-121.924","15.5","2021-03",,,,,,,,,,,,,,,,,,,,,,,
"US1CASC0042","SUNNYVALE 3.6 S, CA US","37.334451","-122.017949","51.8","2020-03",,,"13","3",,,,,,,,,,,"0.68",,,,"1.80",,,,
"US1CASC0042","SUNNYVALE 3.6 S, CA US","37.334451","-122.017949","51.8","2020-04",,,"4","3",,"0",,,,,,,,"0.0","0.60",,,,"1.56","0.0",,,
"US1CASC0042","SUNNYVALE 3.6 S, CA US","37.334451","-122.017949","51.8","2020-05",,,"3","0",,"0",,,,,,,,"0.0","0.02",,,,"0.05","0.0",,,
"US1CASC0042","SUNNYVALE 3.6 S, CA US","37.334451","-122.017949","51.8","2020-06",,,"0","0",,"0",,,,,,,,"0.0","0.00",,,,"0.00","0.0",,,
"US1CASC0042","SUNNYVALE 3.6 S, CA US","37.334451","-122.017949","51.8","2020-07",,,"0","0",,"0",,,,,,,,"0.0","0.00",,,,"0.00","0.0",,,
"US1CASC0042","SUNNYVALE 3.6 S, CA US","37.334451","-122.017949","51.8","2020-08",,,"0","0",,"0",,,,,,,,"0.0","0.00",,,,"0.00","0.0",,,
"US1CASC0042","SUNNYVALE 3.6 S, CA US","37.334451","-122.017949","51.8","2020-09",,,"0","0",,"0",,,,,,,,"0.0","0.00",,,,"0.00","0.0",,,
"US1CASC0042","SUNNYVALE 3.6 S, CA US","37.334451","-122.017949","51.8","2020-10",,,"0","0",,"0",,,,,,,,"0.0","0.00",,,,"0.00","0.0",,,
"US1CASC0042","SUNNYVALE 3.6 S, CA US","37.334451","-122.017949","51.8","2020-11",,,"5","0",,"0",,,,,,,,"0.0","0.08",,,,"0.17","0.0",,,
"US1CASC0042","SUNNYVALE 3.6 S, CA US","37.334451","-122.017949","51.8","2020-12",,,"7","5",,,,,,,,,,,"0.36",,,,"0.90",,,,
"US1CASC0042","SUNNYVALE 3.6 S, CA US","37.334451","-122.017949","51.8","2021-01",,,"9","5",,,,,,,,,,,"1.26",,,,"3.45",,,,
"US1CASC0042","SUNNYVALE 3.6 S, CA US","37.334451","-122.017949","51.8","2021-02",,,"7","1",,,,,,,,,,,"0.15",,,,"0.26",,,,
"US1CASC0041","LOS ALTOS HILLS 1.3 N, CA US","37.3865","-122.1355","59.1","2020-03",,,"13","4",,,,,,,,,,,"0.70",,,,"1.81",,,,
"US1CASC0041","LOS ALTOS HILLS 1.3 N, CA US","37.3865","-122.1355","59.1","2020-04",,,"3","3",,"0",,,,,,,,"0.0","0.48",,,,"1.20","0.0",,,
"US1CASC0041","LOS ALTOS HILLS 1.3 N, CA US","37.3865","-122.1355","59.1","2020-05",,,"5","0",,,,,,,,,,,"0.07",,,,"0.19",,,,
"US1CASC0041","LOS ALTOS HILLS 1.3 N, CA US","37.3865","-122.1355","59.1","2020-06",,,,,,,,,,,,,,,,,,,"0.00",,,,
"US1CASC0041","LOS ALTOS HILLS 1.3 N, CA US","37.3865","-122.1355","59.1","2020-08",,,,,,,,,,,,,,,,,,,"0.13",,,,
"US1CASC0041","LOS ALTOS HILLS 1.3 N, CA US","37.3865","-122.1355","59.1","2020-09",,,,,,,,,,,,,,,,,,,"0.00",,,,
"US1CASC0041","LOS ALTOS HILLS 1.3 N, CA US","37.3865","-122.1355","59.1","2020-10",,,"0","0",,"0",,,,,,,,"0.0","0.00",,,,"0.00","0.0",,,
"US1CASC0041","LOS ALTOS HILLS 1.3 N, CA US","37.3865","-122.1355","59.1","2020-11",,,"5","1",,,,,,,,,,,"0.17",,,,"0.28",,,,
"US1CASC0041","LOS ALTOS HILLS 1.3 N, CA US","37.3865","-122.1355","59.1","2021-02",,,"7","2",,,,,,,,,,,"0.22",,,,"0.44",,,,
"US1CASC0052","SAN JOSE 1.9 SW, CA US","37.2883949279785","-121.877182006836","43.0","2020-03",,,"14","6",,,,,,,,,,,"0.87",,,,"2.72",,,,
"US1CASC0052","SAN JOSE 1.9 SW, CA US","37.2883949279785","-121.877182006836","43.0","2021-01",,,"11","6",,,,,,,,,,,"1.43",,,,"4.08",,,,
"US1CASC0052","SAN JOSE 1.9 SW, CA US","37.2883949279785","-121.877182006836","43.0","2021-02",,,"7","0",,,,,,,,,,,"0.09",,,,"0.35",,,,
"US1CASC0011","CAMBRIAN PARK 2.2 SE, CA US","37.23413","-121.89738","76.8","2020-03",,,"12","6",,,,,,,,,,,"1.25",,,,"3.36",,,,
"US1CASC0011","CAMBRIAN PARK 2.2 SE, CA US","37.23413","-121.89738","76.8","2020-04",,,"5","3",,"0",,,,,,,,"0.0","1.04",,,,"2.51","0.0",,,
"US1CASC0011","CAMBRIAN PARK 2.2 SE, CA US","37.23413","-121.89738","76.8","2020-05",,,"3","1",,"0",,,,,,,,"0.0","0.38",,,,"0.45","0.0",,,
"US1CASC0011","CAMBRIAN PARK 2.2 SE, CA US","37.23413","-121.89738","76.8","2020-06",,,"0","0",,"0",,,,,,,,"0.0","0.00",,,,"0.00","0.0",,,
"US1CASC0011","CAMBRIAN PARK 2.2 SE, CA US","37.23413","-121.89738","76.8","2020-07",,,"0","0",,"0",,,,,,,,"0.0","0.00",,,,"0.00","0.0",,,
"US1CASC0011","CAMBRIAN PARK 2.2 SE, CA US","37.23413","-121.89738","76.8","2020-08",,,"1","0",,"0",,,,,,,,"0.0","0.02",,,,"0.02","0.0",,,
"US1CASC0011","CAMBRIAN PARK 2.2 SE, CA US","37.23413","-121.89738","76.8","2020-09",,,"0","0",,"0",,,,,,,,"0.0","0.00",,,,"0.00","0.0",,,
"US1CASC0011","CAMBRIAN PARK 2.2 SE, CA US","37.23413","-121.89738","76.8","2020-10",,,"0","0",,"0",,,,,,,,"0.0","0.00",,,,"0.00","0.0",,,
"US1CASC0011","CAMBRIAN PARK 2.2 SE, CA US","37.23413","-121.89738","76.8","2020-11",,,"4","1",,"0",,,,,,,,"0.0","0.30",,,,"0.40","0.0",,,
"US1CASC0011","CAMBRIAN PARK 2.2 SE, CA US","37.23413","-121.89738","76.8","2020-12",,,"7","5",,,,,,,,,,,"0.37",,,,"1.02",,,,
"US1CASC0011","CAMBRIAN PARK 2.2 SE, CA US","37.23413","-121.89738","76.8","2021-01",,,"6","6",,,,,,,,,,,"1.92",,,,"5.14",,,,
"US1CASC0011","CAMBRIAN PARK 2.2 SE, CA US","37.23413","-121.89738","76.8","2021-02",,,"3","1",,"0",,,,,,,,"0.0","0.11",,,,"0.21","0.0",,,
"US1CASC0032","SAN JOSE 6.2 W, CA US","37.31851","-121.960763","42.4","2020-03",,,"15","6",,,,,,,,,,,"0.79",,,,"2.30",,,,
"US1CASC0032","SAN JOSE 6.2 W, CA US","37.31851","-121.960763","42.4","2020-04",,,"4","3",,"0",,,,,,,,"0.0","0.57",,,,"1.45","0.0",,,
"US1CASC0032","SAN JOSE 6.2 W, CA US","37.31851","-121.960763","42.4","2020-05",,,"4","0",,"0",,,,,,,,"0.0","0.08",,,,"0.16","0.0",,,
"US1CASC0032","SAN JOSE 6.2 W, CA US","37.31851","-121.960763","42.4","2020-06",,,"0","0",,"0",,,,,,,,"0.0","0.00",,,,"0.00","0.0",,,
"US1CASC0032","SAN JOSE 6.2 W, CA US","37.31851","-121.960763","42.4","2020-07",,,"0","0",,"0",,,,,,,,"0.0","0.00",,,,"0.00","0.0",,,
"US1CASC0032","SAN JOSE 6.2 W, CA US","37.31851","-121.960763","42.4","2020-08",,,"1","0",,"0",,,,,,,,"0.0","0.01",,,,"0.01","0.0",,,
"US1CASC0032","SAN JOSE 6.2 W, CA US","37.31851","-121.960763","42.4","2020-09",,,"0","0",,"0",,,,,,,,"0.0","0.00",,,,"0.00","0.0",,,
"US1CASC0032","SAN JOSE 6.2 W, CA US","37.31851","-121.960763","42.4","2020-10",,,"0","0",,"0",,,,,,,,"0.0","0.00",,,,"0.00","0.0",,,
"US1CASC0032","SAN JOSE 6.2 W, CA US","37.31851","-121.960763","42.4","2020-11",,,"3","0",,"0",,,,,,,,"0.0","0.07",,,,"0.11","0.0",,,
"US1CASC0032","SAN JOSE 6.2 W, CA US","37.31851","-121.960763","42.4","2020-12",,,"7","4",,,,,,,,,,,"0.39",,,,"1.01",,,,
"US1CASC0032","SAN JOSE 6.2 W, CA US","37.31851","-121.960763","42.4","2021-01",,,"9","6",,,,,,,,,,,"1.42",,,,"3.84",,,,
"US1CASC0032","SAN JOSE 6.2 W, CA US","37.31851","-121.960763","42.4","2021-02",,,"7","1",,,,,,,,,,,"0.18",,,,"0.34",,,,
"US1CASC0054","GILROY 0.1 SE, CA US","37.009232","-121.577019","64.3","2020-03",,,"18","5",,,,,,,,,,,"1.82",,,,"3.91",,,,
"US1CASC0054","GILROY 0.1 SE, CA US","37.009232","-121.577019","64.3","2020-04",,,"6","4",,,,,,,,,,,"1.00",,,,"2.13",,,,
"US1CASC0054","GILROY 0.1 SE, CA US","37.009232","-121.577019","64.3","2020-05",,,"4","2",,,,,,,,,,,"0.20",,,,"0.51",,,,
"US1CASC0054","GILROY 0.1 SE, CA US","37.009232","-121.577019","64.3","2020-06",,,"0","0",,"0",,,,,,,,"0.0","0.00",,,,"0.00","0.0",,,
"US1CASC0054","GILROY 0.1 SE, CA US","37.009232","-121.577019","64.3","2020-07",,,"0","0",,"0",,,,,,,,"0.0","0.00",,,,"0.00","0.0",,,
"US1CASC0054","GILROY 0.1 SE, CA US","37.009232","-121.577019","64.3","2020-08",,,"1","0",,"0",,,,,,,,"0.0","0.03",,,,"0.03","0.0",,,
"US1CASC0054","GILROY 0.1 SE, CA US","37.009232","-121.577019","64.3","2020-09",,,"0","0",,"0",,,,,,,,"0.0","0.00",,,,"0.00","0.0",,,
"US1CASC0054","GILROY 0.1 SE, CA US","37.009232","-121.577019","64.3","2020-10",,,"0","0",,"0",,,,,,,,"0.0","0.00",,,,"0.00","0.0",,,
"US1CASC0054","GILROY 0.1 SE, CA US","37.009232","-121.577019","64.3","2020-11",,,"7","2",,,,,,,,,,,"0.35",,,,"0.56",,,,
"US1CASC0054","GILROY 0.1 SE, CA US","37.009232","-121.577019","64.3","2020-12",,,"9","5",,,,,,,,,,,"0.40",,,,"1.64",,,,
"US1CASC0070","GILROY 3.8 NNE, CA US","37.062143","-121.554316","87.5","2020-03",,,"15","7",,,,,,,,,,,"1.31",,,,"3.33",,,,
"US1CASC0070","GILROY 3.8 NNE, CA US","37.062143","-121.554316","87.5","2020-04",,,"6","4",,,,,,,,,,,"0.80",,,,"1.83",,,,
"US1CASC0070","GILROY 3.8 NNE, CA US","37.062143","-121.554316","87.5","2020-05",,,"4","2",,"0",,,,,,,,"0.0","0.13",,,,"0.31","0.0",,,
"US1CASC0070","GILROY 3.8 NNE, CA US","37.062143","-121.554316","87.5","2020-06",,,"0","0",,"0",,,,,,,,"0.0","0.00",,,,"0.00","0.0",,,
"US1CASC0070","GILROY 3.8 NNE, CA US","37.062143","-121.554316","87.5","2020-07",,,"0","0",,"0",,,,,,,,"0.0","0.00",,,,"0.00","0.0",,,
"US1CASC0070","GILROY 3.8 NNE, CA US","37.062143","-121.554316","87.5","2020-08",,,"1","0",,"0",,,,,,,,"0.0","0.01",,,,"0.01","0.0",,,
"US1CASC0070","GILROY 3.8 NNE, CA US","37.062143","-121.554316","87.5","2020-09",,,"0","0",,"0",,,,,,,,"0.0","0.00",,,,"0.00","0.0",,,
"US1CASC0070","GILROY 3.8 NNE, CA US","37.062143","-121.554316","87.5","2020-10",,,"0","0",,"0",,,,,,,,"0.0","0.00",,,,"0.00","0.0",,,
"US1CASC0070","GILROY 3.8 NNE, CA US","37.062143","-121.554316","87.5","2020-11",,,"4","1",,"0",,,,,,,,"0.0","0.29",,,,"0.45","0.0",,,
"US1CASC0070","GILROY 3.8 NNE, CA US","37.062143","-121.554316","87.5","2020-12",,,"8","5",,,,,,,,,,,"0.46",,,,"1.72",,,,
"US1CASC0070","GILROY 3.8 NNE, CA US","37.062143","-121.554316","87.5","2021-01",,,"7","6",,,,,,,,,,,"2.23",,,,"5.65",,,,
"US1CASC0070","GILROY 3.8 NNE, CA US","37.062143","-121.554316","87.5","2021-02",,,"6","2",,,,,,,,,,,"0.22",,,,"0.38",,,,
"USR0000CPOV","POVERTY CALIFORNIA, CA US","37.4431","-121.7706","629.7","2020-03","0","0",,,,,"0","0","0","2","0","35",,,,"73","2300","510",,,"48.5","54.6","42.5"
"USR0000CPOV","POVERTY CALIFORNIA, CA US","37.4431","-121.7706","629.7","2020-04","6","6",,,,,"0","0","0","5","0","37",,,,"78","2630","330",,,"54.2","61.9","46.5"
"USR0000CPOV","POVERTY CALIFORNIA, CA US","37.4431","-121.7706","629.7","2020-05","106","100",,,,,"0","0","0","16","3","44",,,,"91","2798","168",,,"62.8","72.1","53.5"
"USR0000CPOV","POVERTY CALIFORNIA, CA US","37.4431","-121.7706","629.7","2020-06","281","175",,,,,"0","0","0","24","2","44",,,,"93","2874","76",,,"68.3","78.5","58.2"
"USR0000CPOV","POVERTY CALIFORNIA, CA US","37.4431","-121.7706","629.7","2020-07","490","209",,,,,"0","0","0","31","2","50",,,,"95","3","3",,,"71.6","81.6","61.7"
"USR0000CPOV","POVERTY CALIFORNIA, CA US","37.4431","-121.7706","629.7","2020-08","851","361",,,,,"0","0","0","30","7","52",,,,"101","11","8",,,"76.4","85.2","67.5"
"USR0000CPOV","POVERTY CALIFORNIA, CA US","37.4431","-121.7706","629.7","2020-09","1105","254",,,,,"0","0","0","30","6","50",,,,"105","18","7",,,"73.2","82.3","64.1"
"USR0000CPOV","POVERTY CALIFORNIA, CA US","37.4431","-121.7706","629.7","2020-10","1365","260",,,,,"0","0","0","24","5","48",,,,"92","66","48",,,"71.8","79.6","64.1"
"USR0000CPOV","POVERTY CALIFORNIA, CA US","37.4431","-121.7706","629.7","2020-11","1391","25",,,,,"0","0","0","6","0","38",,,,"83","376","310",,,"55.0","62.4","47.6"
"USR0000CPOV","POVERTY CALIFORNIA, CA US","37.4431","-121.7706","629.7","2020-12","1391","0",,,,,"0","0","0","1","0","38",,,,"71","790","414",,,"51.6","58.0","45.3"
"USR0000CPOV","POVERTY CALIFORNIA, CA US","37.4431","-121.7706","629.7","2021-01","0","0",,,,,"0","0","0","3","0","33",,,,"72","1251","461",,,"50.1","56.0","44.3"
"USR0000CPOV","POVERTY CALIFORNIA, CA US","37.4431","-121.7706","629.7","2021-02","0","0",,,,,"0","0","0","0","0","38",,,,"67","1672","421",,,"50.0","56.3","43.6"
"US1CASC0040","LOS GATOS 5.4 SSW, CA US","37.15603","-121.98754","506.6","2020-03",,,"17","6",,,,,,,,,,,"1.90",,,,"3.90",,,,
"US1CASC0040","LOS GATOS 5.4 SSW, CA US","37.15603","-121.98754","506.6","2020-04",,,"7","4",,,,,,,,,,,"1.98",,,,"3.68",,,,
"US1CASC0040","LOS GATOS 5.4 SSW, CA US","37.15603","-121.98754","506.6","2020-05",,,"6","4",,,,,,,,,,,"0.55",,,,"1.32",,,,
"US1CASC0040","LOS GATOS 5.4 SSW, CA US","37.15603","-121.98754","506.6","2020-06",,,"0","0",,"0",,,,,,,,"0.0","0.00",,,,"0.00","0.0",,,
"US1CASC0040","LOS GATOS 5.4 SSW, CA US","37.15603","-121.98754","506.6","2020-07",,,"0","0",,"0",,,,,,,,"0.0","0.00",,,,"0.00","0.0",,,
"US1CASC0040","LOS GATOS 5.4 SSW, CA US","37.15603","-121.98754","506.6","2020-08",,,"2","0",,"0",,,,,,,,"0.0","0.03",,,,"0.04","0.0",,,
"US1CASC0040","LOS GATOS 5.4 SSW, CA US","37.15603","-121.98754","506.6","2020-09",,,"0","0",,"0",,,,,,,,"0.0","0.00",,,,"0.00","0.0",,,
"US1CASC0040","LOS GATOS 5.4 SSW, CA US","37.15603","-121.98754","506.6","2020-10",,,"0","0",,"0",,,,,,,,"0.0","0.00",,,,"0.00","0.0",,,
"US1CASC0040","LOS GATOS 5.4 SSW, CA US","37.15603","-121.98754","506.6","2020-11",,,"4","4",,"0",,,,,,,,"0.0","2.08",,,,"2.54","0.0",,,
"US1CASC0040","LOS GATOS 5.4 SSW, CA US","37.15603","-121.98754","506.6","2020-12",,,"9","6",,,,,,,,,,,"0.57",,,,"2.15",,,,
"US1CASC0040","LOS GATOS 5.4 SSW, CA US","37.15603","-121.98754","506.6","2021-01",,,"13","7",,,,,,,,,,,"3.76",,,,"9.91",,,,
"US1CASC0040","LOS GATOS 5.4 SSW, CA US","37.15603","-121.98754","506.6","2021-02",,,"9","3",,,,,,,,,,,"0.68",,,,"1.39",,,,
"US1CASC0005","MONTE SERENO 0.4 SSW, CA US","37.232439","-121.990203","142.3","2020-04",,,"4","3",,"0",,,,,,,,"0.0","1.13",,,,"2.50","0.0",,,
"US1CASC0005","MONTE SERENO 0.4 SSW, CA US","37.232439","-121.990203","142.3","2020-05",,,"3","1",,"0",,,,,,,,"0.0","0.37",,,,"0.50","0.0",,,
"US1CASC0005","MONTE SERENO 0.4 SSW, CA US","37.232439","-121.990203","142.3","2020-06",,,"0","0",,"0",,,,,,,,"0.0","0.00",,,,"0.00","0.0",,,
"US1CASC0005","MONTE SERENO 0.4 SSW, CA US","37.232439","-121.990203","142.3","2020-07",,,"0","0",,"0",,,,,,,,"0.0","0.00",,,,"0.00","0.0",,,
"US1CASC0005","MONTE SERENO 0.4 SSW, CA US","37.232439","-121.990203","142.3","2020-09",,,"0","0",,"0",,,,,,,,"0.0","0.00",,,,"0.00","0.0",,,
"US1CASC0005","MONTE SERENO 0.4 SSW, CA US","37.232439","-121.990203","142.3","2020-10",,,"0","0",,"0",,,,,,,,"0.0","0.00",,,,"0.00","0.0",,,
"USC00045933","MOUNT HAMILTON, CA US","37.3436","-121.6425","1282.0","2020-03","0","0","16","9",,,"0","11","0","0","0","26",,,"1.87","67","3543","764","6.27",,"40.4","45.7","35.0"
"USC00045933","MOUNT HAMILTON, CA US","37.3436","-121.6425","1282.0","2020-04","0","0","6","4",,,"0","2","0","3","0","30",,,"1.53","71","4007","464","2.94",,"49.5","55.9","43.2"
"USC00045933","MOUNT HAMILTON, CA US","37.3436","-121.6425","1282.0","2020-05","60","60","8","7",,,"0","0","0","9","0","36",,,"0.84","88","4323","317","2.14",,"56.7","64.4","49.0"
"USC00045933","MOUNT HAMILTON, CA US","37.3436","-121.6425","1282.0","2020-06","179","120","0","0","0","0","0","0","0","17","0","34","0","0.0","0.00","86","4488","164","0.00","0.0","63.5","71.5","55.5"
"USC00045933","MOUNT HAMILTON, CA US","37.3436","-121.6425","1282.0","2020-07","424","245","0","0",,,"0","0","0","30","0","54",,,"0.00","87","5","5","0.00",,"72.7","79.7","65.8"
"USC00045933","MOUNT HAMILTON, CA US","37.3436","-121.6425","1282.0","2020-08","719","295","0","0",,,"0","0","0","29","3","55",,,"0.00","92","8","3","0.00",,"74.4","81.3","67.6"
"USC00045933","MOUNT HAMILTON, CA US","37.3436","-121.6425","1282.0","2020-09","972","253","0","0",,,"0","0","0","27","3","48",,,"0.00","98","35","26","0.00",,"72.6","79.6","65.5"
"USC00045933","MOUNT HAMILTON, CA US","37.3436","-121.6425","1282.0","2020-10","1121","149","0","0",,,"0","0","0","22","0","38",,,"0.00","86","118","83","0.00",,"67.3","73.9","60.8"
"USC00045933","MOUNT HAMILTON, CA US","37.3436","-121.6425","1282.0","2020-11","1138","17","3","2","1","1","0","5","0","6","0","28","1","1.0","0.31","77","587","469","0.56","1.0","49.9","56.2","43.6"
"USC00045933","MOUNT HAMILTON, CA US","37.3436","-121.6425","1282.0","2020-12","1138","0","8","8",,,"0","2","0","0","0","30",,,"0.73","67","1153","565","2.95",,"46.3","52.3","40.4"
"USC00045933","MOUNT HAMILTON, CA US","37.3436","-121.6425","1282.0","2021-01","1","1","8","8",,,"0","9","2","1","0","23",,,"2.72","74","1799","647","5.35",,"44.2","49.4","38.9"
"USC00045933","MOUNT HAMILTON, CA US","37.3436","-121.6425","1282.0","2021-02","1","0","7","4",,,"0","6","0","0","0","29",,,"0.83","60","2436","637","1.53",,"42.3","47.7","36.8"
"USR0000CALT","LOS ALTOS CALIFORNIA, CA US","37.3581","-122.1472","196.6","2020-03","0","0",,,,,"0","0","0","5","0","37",,,,"80","1822","370",,,"53.1","62.3","43.8"
"USR0000CALT","LOS ALTOS CALIFORNIA, CA US","37.3581","-122.1472","196.6","2020-04","13","13",,,,,"0","0","0","13","0","37",,,,"87","2037","215",,,"58.3","70.7","45.8"
"USR0000CALT","LOS ALTOS CALIFORNIA, CA US","37.3581","-122.1472","196.6","2020-05","85","72",,,,,"0","0","0","28","6","41",,,,"100","2124","87",,,"64.5","79.5","49.5"
"USR0000CALT","LOS ALTOS CALIFORNIA, CA US","37.3581","-122.1472","196.6","2020-06","231","146",,,,,"0","0","0","30","7","47",,,,"100","2142","17",,,"69.3","84.9","53.7"
"USR0000CALT","LOS ALTOS CALIFORNIA, CA US","37.3581","-122.1472","196.6","2020-07","358","128",,,,,"0","0","0","31","6","47",,,,"95","0","0",,,"69.1","84.3","53.9"
"USR0000CALT","LOS ALTOS CALIFORNIA, CA US","37.3581","-122.1472","196.6","2020-08","639","280",,,,,"0","0","0","30","12","52",,,,"105","2","2",,,"74.0","88.8","59.1"
"USR0000CALT","LOS ALTOS CALIFORNIA, CA US","37.3581","-122.1472","196.6","2020-09","847","208",,,,,"0","0","0","28","8","52",,,,"112","11","9",,,"71.6","86.1","57.2"
"USR0000CALT","LOS ALTOS CALIFORNIA, CA US","37.3581","-122.1472","196.6","2020-10","1037","190",,,,,"0","0","0","30","13","47",,,,"100","36","24",,,"70.4","85.0","55.7"
"USR0000CALT","LOS ALTOS CALIFORNIA, CA US","37.3581","-122.1472","196.6","2020-11","1048","11",,,,,"0","0","0","7","0","37",,,,"85","326","291",,,"55.7","67.5","43.8"
"USR0000CALT","LOS ALTOS CALIFORNIA, CA US","37.3581","-122.1472","196.6","2020-12","1048","0",,,,,"0","0","0","4","0","38",,,,"76","701","375",,,"52.9","63.4","42.4"
"USR0000CALT","LOS ALTOS CALIFORNIA, CA US","37.3581","-122.1472","196.6","2021-01","2","2",,,,,"0","0","0","7","0","36",,,,"79","1075","373",,,"53.0","61.9","44.1"
"USR0000CALT","LOS ALTOS CALIFORNIA, CA US","37.3581","-122.1472","196.6","2021-02","2","0",,,,,"0","0","0","6","0","39",,,,"78","1386","311",,,"53.9","64.6","43.2"
"US1CASC0057","MORGAN HILL 4.5 NW, CA US","37.172527","-121.702959","94.5","2020-10",,,"0","0",,"0",,,,,,,,"0.0","0.00",,,,"0.00","0.0",,,
"US1CASC0057","MORGAN HILL 4.5 NW, CA US","37.172527","-121.702959","94.5","2020-11",,,"4","2",,"0",,,,,,,,"0.0","0.36",,,,"0.56","0.0",,,
"US1CASC0057","MORGAN HILL 4.5 NW, CA US","37.172527","-121.702959","94.5","2020-12",,,"7","7",,,,,,,,,,,"0.61",,,,"1.52",,,,
"US1CASC0057","MORGAN HILL 4.5 NW, CA US","37.172527","-121.702959","94.5","2021-01",,,"4","4",,,,,,,,,,,"1.22",,,,"6.10",,,,
"US1CASC0057","MORGAN HILL 4.5 NW, CA US","37.172527","-121.702959","94.5","2021-02",,,"6","3",,,,,,,,,,,"0.13",,,,"0.46",,,,
"US1CASC0012","SAN JOSE 3.5 ENE, CA US","37.31905","-121.788742","61.0","2020-03",,,"14","5",,,,,,,,,,,"1.00",,,,"2.70",,,,
"US1CASC0012","SAN JOSE 3.5 ENE, CA US","37.31905","-121.788742","61.0","2020-04",,,"4","3",,"0",,,,,,,,"0.0","1.00",,,,"2.06","0.0",,,
"US1CASC0012","SAN JOSE 3.5 ENE, CA US","37.31905","-121.788742","61.0","2020-05",,,"3","1",,"0",,,,,,,,"0.0","0.45",,,,"0.50","0.0",,,
"US1CASC0012","SAN JOSE 3.5 ENE, CA US","37.31905","-121.788742","61.0","2020-07",,,"0","0",,"0",,,,,,,,"0.0","0.00",,,,"0.00","0.0",,,
"US1CASC0012","SAN JOSE 3.5 ENE, CA US","37.31905","-121.788742","61.0","2020-08",,,"1","0",,"0",,,,,,,,"0.0","0.01",,,,"0.01","0.0",,,
"US1CASC0012","SAN JOSE 3.5 ENE, CA US","37.31905","-121.788742","61.0","2020-09",,,"0","0",,"0",,,,,,,,"0.0","0.00",,,,"0.00","0.0",,,
"US1CASC0012","SAN JOSE 3.5 ENE, CA US","37.31905","-121.788742","61.0","2020-10",,,"0","0",,"0",,,,,,,,"0.0","0.00",,,,"0.00","0.0",,,
"US1CASC0012","SAN JOSE 3.5 ENE, CA US","37.31905","-121.788742","61.0","2020-11",,,"6","2",,,,,,,,,,,"0.23",,,,"0.50",,,,
"US1CASC0012","SAN JOSE 3.5 ENE, CA US","37.31905","-121.788742","61.0","2021-02",,,"8","5",,,,,,,,,,,"0.50",,,,"1.18",,,,
"US1CASC0045","MORGAN HILL 1.4 SW, CA US","37.116826","-121.659105","132.0","2020-03",,,"16","5",,,,,,,,,,,"2.15",,,,"4.39",,,,
"US1CASC0045","MORGAN HILL 1.4 SW, CA US","37.116826","-121.659105","132.0","2020-04",,,"6","4",,"0",,,,,,,,"0.0","1.44",,,,"2.56","0.0",,,
"US1CASC0045","MORGAN HILL 1.4 SW, CA US","37.116826","-121.659105","132.0","2020-05",,,"5","1",,"0",,,,,,,,"0.0","0.39",,,,"0.56","0.0",,,
"US1CASC0045","MORGAN HILL 1.4 SW, CA US","37.116826","-121.659105","132.0","2020-06",,,"0","0",,"0",,,,,,,,"0.0","0.00",,,,"0.00","0.0",,,
"US1CASC0045","MORGAN HILL 1.4 SW, CA US","37.116826","-121.659105","132.0","2020-07",,,"0","0",,"0",,,,,,,,"0.0","0.00",,,,"0.00","0.0",,,
"US1CASC0045","MORGAN HILL 1.4 SW, CA US","37.116826","-121.659105","132.0","2020-08",,,"1","0",,"0",,,,,,,,"0.0","0.01",,,,"0.01","0.0",,,
"US1CASC0045","MORGAN HILL 1.4 SW, CA US","37.116826","-121.659105","132.0","2020-09",,,"0","0",,"0",,,,,,,,"0.0","0.00",,,,"0.00","0.0",,,
"US1CASC0045","MORGAN HILL 1.4 SW, CA US","37.116826","-121.659105","132.0","2020-10",,,"0","0",,"0",,,,,,,,"0.0","0.00",,,,"0.00","0.0",,,
"US1CASC0045","MORGAN HILL 1.4 SW, CA US","37.116826","-121.659105","132.0","2020-11",,,"5","4",,"0",,,,,,,,"0.0","0.72",,,,"1.07","0.0",,,
"US1CASC0045","MORGAN HILL 1.4 SW, CA US","37.116826","-121.659105","132.0","2020-12",,,"8","6",,,,,,,,,,,"0.59",,,,"1.96",,,,
"US1CASC0045","MORGAN HILL 1.4 SW, CA US","37.116826","-121.659105","132.0","2021-01",,,"8","7",,,,,,,,,,,"2.55",,,,"7.53",,,,
"US1CASC0045","MORGAN HILL 1.4 SW, CA US","37.116826","-121.659105","132.0","2021-02",,,"6","3",,,,,,,,,,,"0.14",,,,"0.58",,,,
"US1CASC0015","SARATOGA 0.5 N, CA US","37.274817","-122.022649","113.7","2020-03",,,"15","4",,,,,,,,,,,"0.95",,,,"2.39",,,,
"US1CASC0015","SARATOGA 0.5 N, CA US","37.274817","-122.022649","113.7","2020-04",,,"4","3",,,,,,,,,,,"1.24",,,,"2.29",,,,
"US1CASC0015","SARATOGA 0.5 N, CA US","37.274817","-122.022649","113.7","2020-05",,,"4","1",,,,,,,,,,,"0.17",,,,"0.29",,,,
"US1CASC0015","SARATOGA 0.5 N, CA US","37.274817","-122.022649","113.7","2020-06",,,"0","0",,,,,,,,,,,"0.00",,,,"0.00",,,,
"US1CASC0015","SARATOGA 0.5 N, CA US","37.274817","-122.022649","113.7","2020-07",,,"0","0",,,,,,,,,,,"0.00",,,,"0.00",,,,
"US1CASC0015","SARATOGA 0.5 N, CA US","37.274817","-122.022649","113.7","2020-08",,,"1","0",,,,,,,,,,,"0.02",,,,"0.02",,,,
"US1CASC0015","SARATOGA 0.5 N, CA US","37.274817","-122.022649","113.7","2020-09",,,"0","0",,,,,,,,,,,"0.00",,,,"0.00",,,,
"US1CASC0015","SARATOGA 0.5 N, CA US","37.274817","-122.022649","113.7","2020-10",,,"0","0",,,,,,,,,,,"0.00",,,,"0.00",,,,
"US1CASC0015","SARATOGA 0.5 N, CA US","37.274817","-122.022649","113.7","2020-11",,,"4","1",,,,,,,,,,,"0.26",,,,"0.35",,,,
"US1CASC0015","SARATOGA 0.5 N, CA US","37.274817","-122.022649","113.7","2020-12",,,"8","4",,,,,,,,,,,"0.21",,,,"0.92",,,,
"US1CASC0015","SARATOGA 0.5 N, CA US","37.274817","-122.022649","113.7","2021-01",,,"9","7",,,,,,,,,,,"2.40",,,,"5.86",,,,
"US1CASC0015","SARATOGA 0.5 N, CA US","37.274817","-122.022649","113.7","2021-02",,,"7","1",,,,,,,,,,,"0.19",,,,"0.33",,,,
"US1CASC0048","MORGAN HILL 6.4 NE, CA US","37.1863692","-121.5461865","799.8","2020-03",,,"17","5",,,,,,,,,,,"2.11",,,,"4.21",,,,
"US1CASC0003","SUNNYVALE 1.9 SE, CA US","37.364707","-122.004155","25.9","2020-03",,,"13","5",,,,,,,,,,,"0.74",,,,"1.98",,,,
"US1CASC0003","SUNNYVALE 1.9 SE, CA US","37.364707","-122.004155","25.9","2020-04",,,"3","3",,"0",,,,,,,,"0.0","0.53",,,,"1.33","0.0",,,
"US1CASC0003","SUNNYVALE 1.9 SE, CA US","37.364707","-122.004155","25.9","2020-05",,,"3","0",,,,,,,,,,,"0.04",,,,"0.08",,,,
"US1CASC0003","SUNNYVALE 1.9 SE, CA US","37.364707","-122.004155","25.9","2020-06",,,"0","0",,"0",,,,,,,,"0.0","0.00",,,,"0.00","0.0",,,
"US1CASC0003","SUNNYVALE 1.9 SE, CA US","37.364707","-122.004155","25.9","2020-07",,,"0","0",,"0",,,,,,,,"0.0","0.00",,,,"0.00","0.0",,,
"US1CASC0003","SUNNYVALE 1.9 SE, CA US","37.364707","-122.004155","25.9","2020-08",,,"0","0",,"0",,,,,,,,"0.0","0.00",,,,"0.00","0.0",,,
"US1CASC0003","SUNNYVALE 1.9 SE, CA US","37.364707","-122.004155","25.9","2020-09",,,"0","0",,"0",,,,,,,,"0.0","0.00",,,,"0.00","0.0",,,
"US1CASC0003","SUNNYVALE 1.9 SE, CA US","37.364707","-122.004155","25.9","2020-10",,,"0","0",,"0",,,,,,,,"0.0","0.00",,,,"0.00","0.0",,,
"US1CASC0003","SUNNYVALE 1.9 SE, CA US","37.364707","-122.004155","25.9","2021-01",,,"7","5",,,,,,,,,,,"1.18",,,,"3.10",,,,
"US1CASC0003","SUNNYVALE 1.9 SE, CA US","37.364707","-122.004155","25.9","2021-02",,,"6","1",,,,,,,,,,,"0.20",,,,"0.39",,,,
"US1CASC0069","SAN JOSE 3.7 NW, CA US","37.3456","-121.8935","23.2","2020-03",,,"13","4",,,,,,,,,,,"0.78",,,,"2.20",,,,
"US1CASC0069","SAN JOSE 3.7 NW, CA US","37.3456","-121.8935","23.2","2020-04",,,"4","3",,"0",,,,,,,,"0.0","0.59",,,,"1.34","0.0",,,
"USC00043417","GILROY, CA US","37.003","-121.5608","59.1","2020-03","0","0","8","5",,,"0","1","0","9","0","32",,,"1.84","79",,"308","3.09",,"55.1","66.0","44.1"
"USC00043417","GILROY, CA US","37.003","-121.5608","59.1","2020-04","33","33","3","3",,,"0","0","0","18","0","37",,,"1.00","88",,"138","1.60",,"61.4","74.1","48.6"
"USC00043417","GILROY, CA US","37.003","-121.5608","59.1","2020-05","137","104","3","3",,,"0","0","0","30","8","42",,,"0.20","102",,"34","0.40",,"67.3","82.6","51.9"
"USC00043417","GILROY, CA US","37.003","-121.5608","59.1","2020-06","309","172","0","0",,,"0","0","0","28","10","48",,,"0.00","102",,"5","0.00",,"71.0","87.1","54.8"
"USC00043417","GILROY, CA US","37.003","-121.5608","59.1","2020-07",,,"0","0",,,,,,,,,,,"0.00",,,,"0.00",,,,
"USC00043417","GILROY, CA US","37.003","-121.5608","59.1","2020-08",,,"1","0",,,,,,,,,,,"0.03",,,,"0.03",,,,
"USC00043417","GILROY, CA US","37.003","-121.5608","59.1","2020-09",,"238","0","0",,,"0","0","0","27","12","52",,,"0.00","110",,"0","0.00",,"73.8","90.3","57.3"
"USC00043417","GILROY, CA US","37.003","-121.5608","59.1","2020-11",,"6","2","2",,,"0","4","0","10","0","31",,,"0.36","88",,"281","0.49",,"54.9","69.3","40.5"
"USC00043417","GILROY, CA US","37.003","-121.5608","59.1","2020-12",,"0","6","5",,,"0","2","0","6","0","31",,,"0.35","76",,"426","1.26",,"51.3","64.3","38.2"
"USC00043417","GILROY, CA US","37.003","-121.5608","59.1","2021-01","0","0","7","5",,,"0","1","0","7","0","31",,,"1.79","76",,"391","4.43",,"52.0","63.3","40.7"
"USC00043417","GILROY, CA US","37.003","-121.5608","59.1","2021-02","0","0","2","2",,,"0","0","0","7","0","34",,,"0.10","77",,"317","0.20",,"53.7","66.2","41.2"
"USR0000CLGA","LOS GATOS CALIFORNIA, CA US","37.2028","-121.9428","609.6","2020-03","2","1",,,,,"0","0","0","3","0","36",,,,"77","2176","469",,,"49.9","57.4","42.4"
"USR0000CLGA","LOS GATOS CALIFORNIA, CA US","37.2028","-121.9428","609.6","2020-04","21","18",,,,,"0","0","0","11","0","38",,,,"83","2450","274",,,"56.5","66.3","46.7"
"USR0000CLGA","LOS GATOS CALIFORNIA, CA US","37.2028","-121.9428","609.6","2020-05","117","97",,,,,"0","0","0","20","4","44",,,,"96","2593","143",,,"63.5","74.4","52.6"
"USR0000CLGA","LOS GATOS CALIFORNIA, CA US","37.2028","-121.9428","609.6","2020-06","282","165",,,,,"0","0","0","26","5","45",,,,"96","2646","53",,,"68.7","81.9","55.5"
"USR0000CLGA","LOS GATOS CALIFORNIA, CA US","37.2028","-121.9428","609.6","2020-07","463","181",,,,,"0","0","0","30","2","46",,,,"94","14","14",,,"70.4","82.7","58.0"
"USR0000CLGA","LOS GATOS CALIFORNIA, CA US","37.2028","-121.9428","609.6","2020-08","839","376",,,,,"0","0","0","31","13","51",,,,"105","17","3",,,"77.0","88.4","65.6"
"USR0000CLGA","LOS GATOS CALIFORNIA, CA US","37.2028","-121.9428","609.6","2020-09","1077","237",,,,,"0","0","0","29","6","52",,,,"106","21","4",,,"72.8","83.6","62.0"
"USR0000CLGA","LOS GATOS CALIFORNIA, CA US","37.2028","-121.9428","609.6","2020-10","1321","244",,,,,"0","0","0","28","7","46",,,,"95","56","35",,,"71.7","81.4","62.1"
"USR0000CLGA","LOS GATOS CALIFORNIA, CA US","37.2028","-121.9428","609.6","2020-11","1353","32",,,,,"0","0","0","6","0","37",,,,"88","378","322",,,"55.3","63.9","46.7"
"USR0000CLGA","LOS GATOS CALIFORNIA, CA US","37.2028","-121.9428","609.6","2020-12","1353","0",,,,,"0","0","0","2","0","38",,,,"70","791","412",,,"51.7","59.1","44.3"
"USR0000CLGA","LOS GATOS CALIFORNIA, CA US","37.2028","-121.9428","609.6","2021-01","0","0",,,,,"0","0","0","3","0","33",,,,"72","1236","445",,,"50.6","57.3","44.0"
"USR0000CLGA","LOS GATOS CALIFORNIA, CA US","37.2028","-121.9428","609.6","2021-02","0","0",,,,,"0","0","0","1","0","37",,,,"71","1618","382",,,"51.3","59.7","43.0"
